clean_text,label
world war 3 hillary clinton foundation holocaust isis saudi weapons of mass destruction yemen source add to the conversation using facebook comments,fake
the fix is in on uk brexit vote in parliament the fix is in on uk brexit vote in parliament november 07 2016 the fix is in on uk brexit vote in parliament britains plans to leave the european union will include a vote by parliament on legislation to translate eu law into british law brexit minister david davis said on monday european union law will be transposed into uk law at the time we leave providing certainty for workers businesses and consumers davis said this will be an act of parliament which we intend to have in place before the end of the article 50 process article by doc burkhart vicepresident general manager and cohost of trunews with rick wiles got a news tip email us at help support the ministry of trunews with your onetime or monthly gift of financial support donate now download the trunews mobile app click here donate today support trunews to help build a global news network that provides a credible source for world news we believe christians need and deserve their own global news network to keep the worldwide church informed and to offer christians a positive alternative to the antichristian bigotry of the mainstream news media top stories,fake
kind samaritan pays off all overdue lunch fees at hometown elementary school its difficult to comprehend but an estimated 20 of kids in the united states of america live in poverty in 2014 13 million lived in food insecure households meaning they werent sure when food,fake
trump shocked to discover women can vote trump shocked to discover women can vote 081116 donald trump is furious after discovering that women can vote in elections the republican candidate was at a lastminute rally when he remarked on how it was lucky that they couldnt vote however an aide then informed him that the us has enjoyed full female suffrage since 1920 after a brief explanation of what suffrage means trump said even the fat and old ones how many of their votes count as one manvote i would not have said a lot of that shit had i known this god damn it all to hell he added you know some of them can do magic too thats why they used to make them go and live in caves share,fake
csu nominates rightwinger as candidate for bavaria state premier munich reuters lawmakers of germany s christian social union csu the bavarian sister party of chancellor angela merkel s conservatives have nominated state finance minister markus soeder as candidate for state premier in a regional election csu parliamentary group leader thomas kreuzer told reporters in munich that csu lawmakers had unilaterally agreed to nominate soeder a fierce critic of merkel s refugee policy as candidate to run for state premier in next year s regional election soeder said he welcomed the decision from bavarian state premier horst seehofer to keep the post of csu party leader since this would help to find a way out of the political impasse in berlin,real
breaking trump punks the press gives awesome answer about whether hell accept election resultscrowd goes nuts video,fake
top democrat on house panel says he has seen controversial intel reports washington reuters the top democrat on the us house intelligence committee adam schiff said intelligence reports he viewed at the white house on friday were the same documents seen by panel chairman devin nunes last week nunes a republican sparked a controversy last week when he said he had seen documents at the white house that indicated president donald trump and associates may have been caught in incidental intelligence collection before the inauguration nunes shared what he had learned with trump and held a news conference but did not give the information to the rest of the committee angering democrats and some republicans,real
lebanese woman shot dead by fouryearold son in gun accident beirut reuters a woman in south lebanon was killed on monday after her fouryearold son accidentally shot her with a hunting rifle a security source and the state news agency nna said the incident followed another accidental death in which an 11yearold boy shot his 8yearold relative last week in another town in southern lebanon nna said gun control is not strict in lebanon people have regularly been killed by stray bullets shot during celebrations political events lebanese officials have often called for restraint of gun use and celebratory gunfire,real
chicago tribune endorses rubio in 2016 republican presidential race washington reuters the chicago tribune endorsed senator marco rubio in the 2016 republican presidential race on wednesday a week before illinois winnertakeall presidential primary the newspaper of the states leading city credited rubios embrace of spending limits a lineitem veto and a balanced budget amendment crucially his foreign affairs expertise vastly exceeds that of his rivals it said reporting by doina chiacu editing by mohammad zargham this article was funded in part by sap it was independently created by the reuters editorial staff sap had no editorial involvement in its creation or production,real
philippines pivot to russia duterte meets putin video november 21st 2016 fort russ news rossia 1 translated by inessa sinchougova the exchange took place at the 2016 apec summit held in lima peru follow us on facebook follow us on twitter donate,fake
us senate republicans release changes to healthcare proposal washington reuters us senate republicans on monday released changes to their healthcare bill including a sixmonth waiting period for people who have let their insurance coverage lapse for over 63 days about two months and want to get insured again the change appeared aimed at deterring people from dropping health insurance to begin with a concern that arose in part because the bill cancels the monetary penalty for being uninsured under the current law known commonly as obamacare senate leaders want to hold a vote on the bill before the july 4 recess that starts at the end of this week,real
twitter has been looking into the future read the best 16 predictions next prev swipe leftright twitter has been looking into the future read the best 16 predictions predictions are notoriously unreliable even when theyre backed up by expert knowledge and thorough research its fair to say that the good people of twitter have used neither of these but theyve still come up with some startling visions of the future here are the best 16 tweets 1 the year is 2017 marmite is the uks official currency old people are burned as fuel an evil clown is pm brexit still means brexit mitten damour mittendamour october 12 2016 2 the year is 2018 facebook is just one long clip of james obrien talking to some leavevoting idiot and hammering his head on the desk alan white aljwhite october 13 2016 3 the year is 2020 a buzzfeed article titled president trumps wars summarised in 13 amazing cat gifs wins the pulitzer prize dai lama welshdalailama september 27 2016 4,fake
turkeys erdogan says critical decisions on syria will be made today sochi russia reuters critical decisions will be taken for a solution to the syrian crisis at a summit between turkey russia and iran on wednesday turkish president tayyip erdogan said speaking alongside russian president vladimir putin and iranian president hassan rouhani in the southern russian city of sochi erdogan said it was vital for all parties to contribute to a political solution in the crisis that is acceptable for the syrian people,real
video rudy giuliani police and fbi know clinton is corrupt truthfeed video rudy giuliani police and fbi know clinton is corrupt video rudy giuliani police and fbi know clinton is corrupt videos by truthfeednews november 4 2016 rudy giuliani speaks with sean hannity and discusses crooked hillarys obvious crimes that should be disqualifying watch the video support the trump movement and help us fight liberal media bias please like and share this story on facebook or twitter,fake
britain urged iran to release detained dual nationals johnson london reuters british foreign secretary boris johnson said on monday he urged iran to release detained dual nationals during a visit to the islamic republic i urged their release on humanitarian grounds where there is cause to do so johnson told the british parliament these are complex cases involving individuals considered by iran to be their own citizens and i do not wish to raise false hopes but my meetings in tehran were worthwhile he said it is too early to be confident about the outcome johnson said he raised with foreign minister mohammad javad zarif the official harassment of journalists working for bbc persian and their families inside iran,real
trump on twitter august 10 mitch mcconnell the following statements were posted to the verified twitter accounts of us president donald trump realdonaldtrump and potus the opinions expressed are his own reuters has not edited the statements or confirmed their accuracy realdonaldtrump can you believe that mitch mcconnell who has screamed repeal replace for 7 years couldnt get it done must repeal replace obamacare0654 edt mitch get back to work and put repeal replace tax reform cuts and a great infrastructure bill on my desk for signing you can do it 1240 edt source link bitly2jbh4lu bitly2jpexyr,real
top 10 shocking animals fighting video top 10 shocking animals fighting video wwwyoutubecom 0 list top 10 presents 10 most amazing fights between animals in front of you you will be amazed while watching this from lion to snake crocodile many more animals fighting hope after watching this you cant stop searching us on youtube subscribe instantly tags,fake
kremlin says putin trump to speak by phone on tuesday ria moscow reuters russian president vladimir putin and us president donald trump will speak by phone on tuesday ria news agency quoted kremlin spokesman dmitry peskov as saying trump will speak with putin on tuesday at 1230 pm edt the white house said on monday night a senior trump administration official said the two leaders would likely discuss the civil war in syria where moscow backs the government of bashar alassad and the united states supports rebels trying to overthrow him,real
after brexit deal crumbles britains may to speak to northern irish party brussels reuters prime minister theresa may and other british officials will speak to northern ireland s democratic unionist party dup on tuesday after a tentative deal on brexit with the european union over the border with ireland was dashed at the last minute an official at her number 10 official residence said the british leader may return to brussels as early as wednesday to try to save a deal to open the way for talks on future trade after britain leaves the eu that involved accepting regulatory alignment on the island of ireland to avoid a hard border,real
spains deputy pm to deliver address at 2020 gmt madrid reuters spain s deputy prime minister soraya saenz de santamaria was due to make a speech at the prime minister s office in madrid on tuesday after catalan officials signed a document declaring independence from spain an official from the office said it wasn t clear if the document had any legal value saenz de santamaria was due to start speaking at 2020 gmt,real
today is the day opinion conservative before its news i never thought i would see the day when i reposted something from michael moore today is the day ht gerard,fake
police turn in badges rather than incite violence against standing rock protestors it should be evident if youre following news concerning the standing rock protests in north dakota that tension continues to escalate between protestors supporting the standing rock sioux tribe and,fake
donald trump threatens to cancel berkeley federal funds after riots shut down milo event president donald trump reacted to the massive rioting at in response to a scheduled campus speech by breitbart news editor milo yiannopoulos if u c berkeley does not allow free speech and practices violence on innocent people with a different point of view no federal funds trump wrote on twitter early thursday morning news of the rioting made cable news last night as students smashed atms and bank windows looted a starbucks beat trump supporters pepper sprayed innocent individuals and set fires in the street others spray painted the words kill trump on storefronts the speech was canceled by police as security failed yiannopoulos was evacuated from the area the left is profoundly antithetical to free speech these days does not want to hear alternative points of view and will do anything to shut it down yiannopoulos told fox news host tucker carlson in an interview on wednesday night my point is being proven over and over and over again,real
watch eric trump discusses donalds stay in iowa holiday inn express my fathers an allamerican guybelieve me thats not beneath him eric trump gives a great interview on fox and friends this morning trump s kids always come across as very likable and respectful young adults who are understandably incredibly proud of their father eric covers a lot of territory in this interview he talks about hillary ted cruz his dad s passion for fixing our nation the holiday inn express where donald stayed in iowa and how he wasn t raised with a silver spoon in his mouth,fake
us hopes easing limits on cuba will boost reform in havana officials washington reuters the united states hopes a new package of us regulatory changes affecting cuba will encourage peopletopeople interactions and provide additional incentives for havana to make economic and trade reforms of its own us officials said on tuesday the regulatory reforms which were introduced earlier on tuesday loosen travel restrictions on cuba and ease limits on the use of us dollars in trade transactions there just days ahead of president barack obamas historic visit to the former cold war enemy us officials told reporters the new rules would allow more cubans to work legally in the united states without having to defect but they declined to predict how that might affect major league baseball it certainly does address the ability of cuban athletes who can earn salaries in the united states to do so one official told reporters in a briefing,real
new evp i want a 2nd opinion new evp i want a 2nd opinion page 1 original soundcloudcom audio slowed down soundcloudcom on the slowed down audio it sounds like to me hey sleepy or hey satan then goes on to say santa claus as you can tell by my sleep noises that i am fast asleep this was recorded at 9012016 at 35423am its a month old clip but i just got around to looking at it new topics,fake
turkish military says has begun reconnaissance in syrias idlib istanbul reuters turkish armed forces began reconnaissance activities in syria s idlib province on sunday the military confirmed on monday before an expected military operation in the bitterly contested syrian northwest it said the move involved establishing observation points and that the military was conducting its duties in line with the rules of engagement agreed in the astana process referring to an agreement reached last month in the kazakhstan capital turkey says it will provide assistance to rebels it has long backed aiming to implement a deescalation agreement designed to reduce fighting with progovernment forces in the area the most populous pocket of syria still in rebel hands,real
virginia republican goodlatte will not seek reelection washington reuters us representative bob goodlatte the republican chairman of the house judiciary committee said on thursday he will not seek reelection next year this is a natural steppingoff point goodlatte said in a statement the announcement came on the heels of tuesdays elections in virginia where democrats won the governors office and triumphed in local races in some republican strongholds goodlatte has represented virginias 6th congressional district for 25 years he joins a string of republican lawmakers who have announced their retirements from congress in recent weeks two other house committee chairmen representatives lamar smith and jeb hensarling both of texas said last week they would not seek reelection hensarling leads the house financial services committee while smith leads the science space and technology panel,real
paris at war media silence gambia joins south africa and burundi in e we welcome comments that add information or perspective and we encourage polite debate if you log in with a social media account your comment should appear immediately if you prefer to remain anonymous you may comment as a guest using a name and an email address of convenience your comment will be moderated commentary,fake
busted fox news reporter caught twisting poll numberscalled out by rnc chairman reince priebus video is anyone else sick to death of the bias on fox news the supposed fair and balanced channel has shown its true colors lately the hate for trump is palpable if you ve been watching as much as we have you see people like shep smith and others who editorialize like crazy against trump fox news the supposedly conservative channel is full of elitist reporters who continually bash and misrepresent donald trump if they don t have something nasty to say about trump they won t say it on friday morning reince priebus corrected reporter melissa francis after she misrepresented the poll numbers something several fox hosts are guilty of this was great,fake
sparks fly as bikers for trump meet protesters home news sparks fly as bikers for trump meet protesters sparks fly as bikers for trump meet protesters fisher 5 mins ago news usa world comments off on sparks fly as bikers for trump meet protesters sparks fly as bikers for trump meet protesters millie weaver interviews a flag hater disgracing the american flag all of a sudden a member of bikers for trump intervenes picking the flag up off the ground setting off commotion this is what im talking about bikers for trump dont mess around these protesters have been causing all sorts of havoc over the past week since trumps election its like watching a child throw a temper tantrum watch this video of a patriot biker confronting a flag hater what do you think should burning or disgracing the flag be made a crime let us know in the comments below in any case im sure most would agree these stuck up loosers need to be stood up to and im glad bikers for trump has stepped up to do so,fake
mainstream media totally blows it on retail sales mainstream media totally blows it on retail sales by lee adler us retail sales rose briskly in october screamed the wall street journal on tuesday it was talking about the top line seasonally adjusted version of the month to month change including inflation here at contra corner were not really interested in what the seasonally finagled nominal numbers say we want the unvarnished not seasonally manipulated truth,fake
nbcwall street journal poll has clinton leading trump by four points washington reuters democratic presidential candidate hillary clinton holds a fourpoint lead over republican donald trump in the final nbcwall street journal poll released on sunday the nbcwall street journal poll showed clinton leading trump by 44 percent to 40 percent libertarian gary johnson was at 6 percent and green party candidate jill stein had 2 percent clintons lead shrank from 11 points over trump the last time the poll was conducted in midoctober before the fbi said it was reviewing new emails in its investigation of the former secretary of state the poll also showed clinton with a 12 percentage point lead over trump 51 percent to 39 percent among people who have said they have voted early,real
burn antihillary and stephanopoulos street art pops up near abc headquarters street art has appeared on the streets surrounding abc news good morning america studios in new york city the posters feature hillary clinton with a smiling george stephanopoulos the abc news anchor under fire for failing to disclose 75000 in donations to the clinton foundation along with the words pay pal and donate they were posted near abc news studios on peter jennings way in manhattan,fake
clinton campaign chief podesta fbi probing hack of his emails reuters the chairman of democrat hillary clintons presidential campaign john podesta said on tuesday the fbi is investigating the hack of his emails as published on wikileaks speaking to reporters aboard the campaign plane podesta said the fbi probe is part of a broader investigation into the hacking of democratic computers he said russia is behind the hack and may be colluding with the campaign of clintons opponent republican donald trump,real
biden makes another surprise political stop on this day in 1973 j fred buzhardt a lawyer defending president richard nixon in the watergate case revealed that a key white house tape had an 18,real
treasury secretary to report on regulatory changes in 120 days official washington reuters president donald trumps order on financial regulations issued on friday will require the treasury secretary to submit a report on potential regulatory and legislative reforms in 120 days a white house official said this does not mean white house or treasury has to wait 120 days to move the official told reuters we have more items planned in the coming weeks and the policy process is already underway in the white house,real
one mad lyin leftist tenured of course he calls the bundy verdicts nullification which they aint since the jury did its job based on the facts by the way nullification is fine when called for in the nineteenth century the jurys common and not the judges instructions guided the verdict then he claims that armed americans should scare all americans again translated those who refuse to do what the government tells them are a danger to the country and laughably this statist winds it up by pretending he supports law and order and the good news he really is mad and thats good better than having him gloat over a cowed jurys guilty verdict,fake
democratic national committee apologizes to sanders over emails reuters the democratic national committee apologized to senator bernie sanders on monday after leaked emails suggested the partys leadership had worked to sabotage sanders presidential campaign on behalf of everyone at the dnc we want to offer a deep and sincere apology to senator sanders his supporters and the entire democratic party for the inexcusable remarks made over email the dnc said in a statement released on the opening day of the partys convention in philadelphia it said the emails did not reflect the committees steadfast commitment to neutrality during the nominating process,real
understanding propaganda the art of distraction and disinformation 5 most american spend over 9 hours a day using media is this making us dumber are you living in a media induced trace do you know the truth of the world or do you know what the manipulators want you to know professor jerry kroth ph d psychology examines the ties between advertising and factual knowledge most people can name every mascot of most companies but they can not name hardly any historical figures how did we get here these are questions that professor kroth explains in this well thought out presentation this talk is based on dr kroths recent book duped delusion denial and the end of the american dream more information at collectivepsychcom,fake
this collage of corrut presstitutes making fools of themselves is a keeper this collage of corrupt presstitutes making fools of themselves is a keeper httpwwwzerohedgecomnews20161112martinarmstrongexposesrealclintonconspiracywhichbackfireddramatically the financial media can equally wallow in its incompetence and dishonesty instead of collapsing as predicted the stock market rose 800 points on trumps victory the post this collage of corrut presstitutes making fools of themselves is a keeper appeared first on paulcraigrobertsorg,fake
senior us lawmakers want information on dnc hack declassified washington reuters the top democrats on the us senate and house of representatives intelligence committees called on wednesday for the white house to consider declassifying and releasing any intelligence community assessments of the hack into the democratic national committee email system experts have attributed the breach to russian hackers given the grave nature of this breach and the fact that it may ultimately be found to be a statesponsored attempt to manipulate our presidential election we believe a heightened measure of transparency is warranted senator dianne feinstein and representative adam schiff wrote in a letter to president barack obama obama said in an interview broadcast by nbc news on tuesday that the federal bureau of investigation was investigating the leak of more than 19000 dnc emails which showed the committee had favored hillary clinton over bernie sanders for the partys presidential nomination,real
turkey ready to cooperate with iraq against kurdish militants foreign ministry ankara reuters turkey is ready to cooperate fully with the central iraqi government to end the presence of the outlawed kurdish militant group pkk in iraq the foreign ministry said on monday in a statement the ministry also said ankara would stand by baghdad to provide peace and stability in the country as iraqi forces captured several positions near kirkuk from kurdish fighters following kurdish northern iraq s independence referendum last month,real
dnc pay to play list revealed federal positions awarded to donors including commie jeh johnson the hacker guccifer 20 released more dnc emails overnight and they are really telling we reported last night on the reason guccifer released the emailsbreaking more hacked emails from dnc released by a vengeful guccifercorruption and pay to play runs rampant with this white house federal positions were given to the highest donors as you ll see belowthis is obviously a partial list but it gives you an idea of what s going on here a few more below the hacked documents contained detailed lists of 100000 alleged donors addresses and phone numbers and well as amounts donated this is not the end of the leaks there are more to come from hillary clinton s emails we think the bigger story should be how easy it was for the dnc and government officials to be hacked,fake
brainiac hillary supporter destroys trumps hollywood star with hammerpromptly gets bad news video via tmz,fake
trump says will work with congress on grants loans for puerto rico washington reuters us president donald trump said on thursday he will work with the us congress to approve grants and loans to help rebuild puerto rico after it was devastated by hurricane maria a month ago trump speaking to reporters before a meeting with puerto rican governor ricardo rossello said repayment of federal loans to puerto rico will come before repayment of the islands private debt before the hurricane the bankrupt territory was already struggling with 72 billion in debt,real
arrivals and departures wednesday runway 36 eaa airventure oshkosh 2016 support us arrivals and departures wednesday runway 36 eaa airventure oshkosh 2016,fake
stock markets collapse in anticipation of trump win dow jones futures down 750 points panic has set in across the world as antiestablishment candidate donald trump looks to be set to take the presidency of the united states dow jones futures are down 754 points as of this writing gold prices are up 47 and silver us up 075 like as a result of a panic into safe haven assets,fake
france condemns latest north korean missile launch paris reuters france on friday condemned the latest missile launch from north korea and reiterated its willingness to work with un security council and european union members to ensure the situation with north korea did not worsen north korea fired a second missile over japan far out into the pacific ocean on friday south korean and japanese officials said deepening tensions after pyongyang s recent test of its sixth and most powerful nuclear bomb faced with this threat france is ready to work notably within the un security council and the european union on strengthening measures that will help to allow the pyongyang regime realize it has no interest in escalating the situation and to help bring it back to the negotiating table a statement from the french foreign ministry said,real
pentagon seeks another 6 billion for overseas troop deployments budget amendment for more troops in iraq afghanistan the pentagon has announced it will file a budget amendment seeking another 6 billion in funding for the current fiscal year to pay for additional overseas troop deployments above and beyond what was already in the budget for this year the 6 billion request comes as an urgent request from the pentagon and would pay for additional ground troops in iraq the additional troops left in afghanistan by stalling the drawdown and to pay for escalated airstrikes around the world pentagon comptroller mike mccord says the hope is to get the white house to approve submitting the request to congress before next weeks election with an eye at getting it added to the latest emergency spending bill expected before early december these emergency funding bills are the main way to get around spending caps with congress deliberately funding the pentagon only for a portion of the year with money that by the caps reckoning was the whole years budget then slipping emergency bills in afterwards to pay for the rest of the year while pretending the caps still exist,fake
trump says still wants to drop us corporate tax rate to 15 percent springfield mo reuters president donald trump said on wednesday he still wants to see the us corporate tax rate drop to 15 percent saying cutting it is essential for the nation to regain its competitive edge we must reduce the tax rate on american businesses so they keep jobs in america create jobs in america and compete for workers right here in america trump said in a speech aimed at shoring up support for a broad taxcut plan ideally we would like to bring our business tax rate down to 15 percent he said,real
they said what find out what mindy kaling barack obama and steven spielberg have to say email ever wonder whats on the mind of todays most notable people well dont miss our unbelievable roundup of the best and most talked about quotes of the day my friends have somehow gotten it into their heads that im attracted to ghosts so every day ill get texts saying i just met a great handsome ghost i want to set you up with for marriage i want to lay this rumor to rest i think ghosts are as ugly as rats mindy kaling on ghosts the second my successor swears in im going to start chasing my secret service members and they know it barack obama on what hell be doing on january 20 at 1200 pm i just remembered another fact about jaws the sharks mouth is called jaws not the shark itself steven spielberg,fake
obama touts 2015 successes sets 2016 goals washingtonpresident barack obama pledged to press an aggressive policy agenda during his final year in office while also acknowledging the recent rise in terrorism threats to the us will present a new challenge for his administration mr obama in a news conference friday made the case that he has shown over the past year he is far from a lame duck pointing to the restoration of us ties with cuba the supreme court decision upholding the affordable care act and the iran nuclear deal he vowed to make similar,real
advisory story on kushner visiting iraq withdrawn reuters the story trump soninlaw jared kushner visits iraq us official says the accompanying alert and subsequent update are wrong and were withdrawn a substitute story is available here,real
why trumps own children wont be voting for him in ny primary i m pretty sure trump will win with a yuge majority in new york without his kids votes eric trump and ivanka trump won t be voting for their father donald in the new york primary next weekthe deadline to register to vote in the republican primary in new york was october 9 2015 both eric and ivanka missed the deadline to register they had a long time to register and they were you know unaware of the rules and they didn t they didn t register in time trump stated during an interview on fox news so they feel very very guilty but it s fine i mean i understand that i think they have to register a year in advance and they didn t so eric and ivanka i guess won t be voting trump added via breitbart news,fake
in his own words stunning unofficial trump ad that will blow you away video wow america is hungry for a real leader america this is what leadership looks like httpsyoutubejcxpkapqvhk,fake
obama plans to sign north korea sanctions bill white house washington reuters president barack obama does plan to sign a north korea sanctions bill the white house said on wednesday in a press briefing with reporters white house spokesman josh earnest gave no indication of when such a measure might come,real
putin says hopes to discuss better russiaus ties with trump moscow reuters russian president vladimir putin said on friday he hoped to discuss the normalization of russiaus ties with presidentelect donald trump when asked when he would meet trump putin said his us counterpart would first need to appoint members of his team,real
hillary scumbags torch navy veterans home for supporting donald trump video smith flies three flags in front of his house the american flag the pow flag and the navy flag we supported trump from when he started running for office says matthew s wife brittany we never made it public we never had a sign in our backyard so no one really knew we were pro trump but matthew says he s been very active on facebook with posts supporting trump the second amendment and other conservative causes investigators are looking into possible connections with arsonists earlier this month antitrump graffiti was sprayed on two mobile homes near mango investigators say someone tried to light one of them on fire the smiths who have two young children say times have been hard recentlyread more fox13,fake
criminalinchief by vnn on november 4 2016 is winning the election now the least of her problems the polls are tightening as well as the growing investigation around the clintons and their foundation days before the presidential election voters are faced with an unprecedented dilemma will they vote for a candidate facing criminal prosecution crosstalking with michael flanagan debbie hines and ha goodman hillarys reckoning hillary clinton and her neverending scandals the fbis decision to continue its investigation into her use of a private email server presents the troubling prospect of a protracted political crisis is winning the election now the least of her problems crosstalking with mark crispin miller don debar and bruce fein related posts,fake
breaking shocking video from charlotte riots the situation is out of control protest underway in charlotte things got completely out of hand borissanchez is on the ground w the latest httpstcouq8xoonfyn anderson cooper 360 ac360 september 22 2016,fake
obamacare architect tells cnn that americans should receive higher penaltys in order for obamacare to work obamacare architect tells cnn that americans should receive higher penaltys in order for obamacare to work tweet obamacare architect jonathan gruber the bureaucrat who once bragged that the stupidity of the american people was crucial for passing the health care law in the first place told cnn that the fix for obamacare was to impose a larger mandate penalty this piece of sht should be stripped of his citizenship and immediately deported ac,fake
north korea fires ballistic missile us south korea analyzing south korea military seoul reuters north korea fired one ballistic missile from pyongsong a city in south pyongan province at around 1817 gmt over the sea between south korea and japan south korea s joint chiefs of staff said on wednesday south korea and the united states are currently analyzing what type of missile north korea was fired the military said in a text minutes after the north fired the missile south korea s military conducted a missilefiring test in response to the provocation the south korean military added this story corrects launch time to 1817 gmt not 0617 gmt,real
texas elector expects massive corruption related to the electoral college vote previous texas elector expects massive corruption related to the electoral college vote i recently interviewed ken clark a texas elector for the republican party in the electoral college ken detailed the intense pressure he received from the gore people to change his vote to gore in the gore v bush election mr clark expects the democrats to pull out all the stops in the upcoming election and he expects to see corruption on a massive scale here is the interview,fake
chinas xi says will persist with korean peninsula denuclearization beijing reuters chinese president xi jinping said on thursday that china will persist with the goal of denuclearizing the korean peninsula and solving the issue through talks xi made the comment standing next to us president donald trump who is visiting china,real
henningsen on trump rally fervor political relativism has descended on america 21st century wire says regarding the latest trump outrage it s taken a while for the media to catchup and analyze what s happened in recent days and whywatch this segment that aired live over the weekend this past saturday where 21wire editor patrick henningsen spoke with rt international about the may lay at gop front runner donald trump s rally in chicago on friday nightthere s plenty of fervor to go around,fake
boiler room 63 us and them tune in to the alternate current radio network acr for another live broadcast of the boiler room starting at 6 pm pst 9 pm est every wednesday join us for uncensored uninterruptible talk radio custommade for barfly philosophers misguided moralists masochists street corner evangelists mediamaniacs savants political animals and otherwise lovable rascalsjoin acr hosts hesher spore along with randy j of 21wire daniel spaulding from soul of the east and jay dyer of jaysanalysiscom tonight the boiler gang discusses the clinton fbi results ca legislature s war against the people on behalf of a tyrannical government gone mad and whatever else floats into our air space during the showboiler room is not a polictally correct zone listen to the show in the player below enjoy reference links,fake
trump tells house leaders to cancel healthcare bill vote washington reuters president donald trump has told republican leaders in the us house of representative to cancel a planned vote friday afternoon on a healthcare bill to dismantle obamacare a house republican aide told reuters,real
scotlands sturgeon says staying in eu customs union now the only sensible option edinburgh reuters scotland s first minister nicola sturgeon said that if britain is leaving the european union then single market and customs union membership were the only sensible option adding that now the negotiations would move on to a new tougher level move to phase 2 of talks good but devil is in the detail and things now get really tough if brexit is happening wish it wasn t staying in single market customs union is only sensible option and any special arrangements for ni must be available to other uk nations she said on twitter earlier the european commission and britain agreed that brexit talks can move on to the second phase of negotiations which will focus on trade,real
trump military solutions locked and loaded against north korea threat washington reuters us president donald trump issued another warning to north korea on friday with a reference to american weapons as being locked and loaded military solutions are now fully in place locked and loaded should north korea act unwisely hopefully kim jong un will find another path trump wrote on twitter a day after his defense secretary said the united states was ready to counter any threat from pyongyang,real
video student knocks out classmate who viciously assaulted teacher protester pies exnba mayor not so funny when mayor brutally evens the score thats when the kid in the red hoodie hit her right in the face the teacher stunned stepped back and eventually left the room thankfully though another kid leaped in and taught the red hoodie punk a lesson the third student took mr red hoodie to the ground in one of those only two hits me hitting you and you hitting the floor kind of fights watch the f out you just hit the fing teacher the third student said chill your s you just hit the fing teacher you dont fing do that who the f do you think you are advertisement story continues below heres the video of the sick encounter warning there is a lot of bad language involved obviously not safe for work and viewer discretion is advised it may have been brutal but the redhoodied punk had it coming to him after all what kind of sick country are we in when its considered ok to beat up your teacher however at least one student had some sense and managed to knock it into the punk quite literally advertisement story continues below,fake
bill clintons lover he called ruthless hillary the warden bill clinton is a sexaddicted monster who mocked hillary clinton by calling her the warden in front of friends and privately boasted about his high notch count according to his longtime mistress and childhood friend dolly kyle kyle now 68 says she had a decadeslong affair with before and during his marriage and had a frontrow seat to bills salacious doublelife in the 1970s and 80s their onagain offagain relationship ended abruptly in the 1990s after bill clinton allegedly threatened to destroy kyle if she spoke to the media about their relationship kyles decades of observations shared in an interview with the dailymailcom as well as in her 2016 book the other woman provide a unique perspective on the clintons marriage and the couples treatment of the women who have accused of infidelity or sexual assault over the years kyle an arkansas native who has since befriended several of bill clintons sexual assault accusers said she was determined to come forward with her story after hearing hillary clinton say on the campaign trail that women who have been sexually assaulted have the right to be believed 35,fake
iraq opposed to us recognition of jerusalem as israeli capital baghdad reuters iraq is opposed to the united states recognising jerusalem as israel s capital and moving its embassy there prime minister haider alabadi said on tuesday warning that such a decision would negatively affect middle east stability us president donald trump told palestinian president mahmoud abbas on tuesday that he intends to shift the us embassy in israel to jerusalem breaking with decades of us policy that the city s status must be decided in negotiations with the palestinians the iraqi government received this news with the utmost worry and warns about this decision s ramifications on the stability of the region and the world the iraqi cabinet said in a statement abadi and his government joined a mounting chorus of voices saying trump s move would unleash turmoil a senior us official told reuters last week that trump was also likely to recognise jerusalem as israel s capital the european union the palestinian authority saudi arabia turkey and the arab league all warned that any such declaration would have repercussions across the middle east,real
if joe biden decides to run for president this video should be mandatory viewing here s biden chuckling and grinning while debating the iran sanctions the arrogance runs deep on this one,fake
al sharpton calls for less legal protection for cops more federal obama involvement when blacks are killed by cops how much longer before cops stop coming into the neighborhoods to help the people who hate them the following is a statement from ebonie riley washington dc bureau chief of the national action network we are disappointed in the decision of the court but unfortunately not surprised as we have seen throughout the years when officers opt for a trial by judge rather than by a jury acquittal is the result we have been through this with sean bell and far too many other cases in the past this is exactly the reason we are calling for lowering the bar for federal prosecution and greater involvement of the federal government in cases like this in federal court a jury trial cannot be waived without the consent of the prosecution and we believe that is a fairer more just process we continue to stand with the gray family as they fight for justice for their son via weasel zippers,fake
hatefilled monkeys shut down george washington bridge what do they want you ask more all they ever want is more and theyre not going to stop until we stop them physically nbc ny the inbound upper level of the george washington bridge was closed by an immigrant rights protest on wednesday morning snarling traffic on one of the regions most important crossings at the height of rush hour delays at the bridge for traffic heading into new york from new jersey were up to nearly 90 minutes traffic cameras showed bumpertobumper traffic barely inching along the protesters apparently chained themselves across the roadway to block traffic unfurling large banners in an attempt to spread their message one banner appeared to read resist organized act up drivers were clashing with the protesters in an effort to get the bridge open according to witnesses police quickly detained the small group and traffic began moving again about 15 minutes the port authority said 10 people who were blocking the eastbound lanes were arrested no injuries were reported the agency said it is investigating,fake
boehners big week top dems want white house to call off part b demo the next cancer drug shortage,real
inside hillary clintons 2016 plan a verdict in 2017 could have sweeping consequences for tech startups,real
lesserknown celebrity contract riders the onion americas finest news source report friend has been going by middle name this whole fucking time calabasas caastounded that it had never come up at any point in the six years they had known each other local woman lucy reed 25 reported tuesday that her friend nicole silberthau had apparently been going by her middle name this whole fucking time tearyeyed tim kaine asks clinton if his hair will grow back in time for election day new yorkhis lower lip quivering while showing his running mate the uneven patches on his head where he attempted to give himself a trim a tearyeyed tim kaine reportedly asked hillary clinton this morning if his hair would grow back in time for election day,fake
serb officials warn of another war in the balkans belgrade serbia ap serbian officials warned on friday of another war in the balkans if albanians try to form a joint state with kosovo in the european region and the west does not reject such a plan,real
zimbabwes ruling party expels former vice president mnangagwa harare reuters zimbabwe s former vice president emmerson mnangagwa who was sacked by president robert mugabe this week has been expelled from the ruling zanupf a party spokesman said on wednesday mnangagwa a liberation war veteran and a longtime ally of mugabe was until this week seen as a favorite to succeed the 93yearold leader but mnangagwa s relationship with mugabe s wife grace has become increasingly strained as their two factions within zanupf fight for dominance mnangagwa s removal on monday came two days after grace publicly called him a coup plotter,real
about 146000 rohingya have fled myanmar violence to bangladesh yangon reuters about 146000 rohingya muslims have fled from violence in myanmar after insurgent attacks on aug 25 sparked clashes with security forces and provoked a military counteroffensive a un source said on wednesday this bring to 233000 the total number of rohingya who have sought refuge in bangladesh since october when rohingya insurgents staged similar but smaller attacks on security posts,real
httpsfedupwpenginecomwpcontentuploads201504entitledjpg httpsfedupwpenginecomwpcontentuploads201504entitledjpg,fake
exfbi agent navy seal russian interference lie spread by intelligence community is like hitlers mein kampf video former fbi agent and navy seal jonathan gilliam had this to say about the false rumors being spread about russian interference the people who leaked stuff to the new york times those people are political appointees and that is a measured response and a coordinated response that goes right along and i know this is big me saying this with hitler s mein kampf and the big lie where they tell a big lie and keep telling it until people believe it and that s what this is you have political appointees and people who are chosen by those political appointees to be at the top of the cia and these other intel agencies and they do the president s dirty work,fake
house speaker ryan to speak with trump wednesday night washington reuters us house speaker paul ryan and likely republican presidential nominee donald trump are to speak by telephone on wednesday evening a spokesman for ryan said this is not an endorsement call spokesman zack roday said ryan the top us elected republican on wednesday continued to withhold his support from trump for the presidential nomination saying he was not ready to endorse the real estate billionaire ryan set up the call with trump to continue discussing the partys campaign agenda a ryan aide said,real
democrats caught paying halfway house patients 300 to vote for hillary video a lawless party whose end always justifies the means why wouldn t everyone want another lawless president residing over our nation from a party with no morals or respect for the laws of our nationhttpstwittercomwdfx2eu7status792465012585406464,fake
hillarys policies wheres the beef a verdict in 2017 could have sweeping consequences for tech startups,real
watch liberals openly mock ann coulter on tv for saying trump will win presidency video they laughed at us when we said realdonaldtrump would win this morning theyre too devastated to get out of bedmaga trumptrain pictwittercoma0xapdid7k harlan z hill harlan november 9 2016,fake
armed attack kills at least six soldiers in egypts sinai cairo reuters armed militants killed at least six egyptian soldiers at a military post in the sinai peninsula the army said in an attack later claimed by islamic state attacks targeting security forces have been common since egypt s islamist president mohamed mursi was ousted in 2013 following mass protests against his rule the egyptian army said in a statement earlier on friday six soldiers were killed when armed terrorists attacked a checkpoint in arish city with grenades and firearms islamic state said in a statement released by the group s official news agency amaq later on friday that at least 14 apostates were killed including one policeman the group also said tens were injured in the attack egypt is fighting an insurgency against islamist militants affiliated with islamic state in the sinai peninsula where hundreds of security forces have been killed since mursi s ouster,real
bali airport may stay closed longer than 24 hours amid agung eruption governor denpasar indonesia reuters bali governor made mangku pastika said the closure of i gusti ngurah rai international airport could last longer than 24 hours amid an eruption of mount agung we don t know how long it will be closed for pastika told reporters referring to the bali airport sure it s been closed for 24 hours until tomorrow but that doesn t rule out the possibility the closure could be extended he said at least 5000 foreign and 1500020000 domestic tourists pass through the airport each day according to pastika ngurah rai is bali s main international gateway and a hub for tourists traveling to indonesian islands further east,real
matthews trump is like a monkey banging with a stick breitbart wednesday on msnbcs hardball host chris matthews said president donald trumps boasts and bragging was simian adding it was like a monkey banging with a stick matthews said the ego here is well its something by the way his teeth come out like its simian almost its simian like a monkey banging with a stick you know im the biggest im the biggest pounding his chest it does have a simian quality to it i mean primordial i should say follow pam key on twitter pamkeynen,real
arkansas republicans put the word liar in hillarys name on ballot comments the signs that the republican party is purposefully doing everything they can to repress the vote and use every trick in the book to somehow sway voters is clear as day as the donald trump campaign is hit with four different lawsuits over their voter suppression campaigns its been discovered that the early voting ballots in arkansas have a very disturbing typo on t hem early voting ballots in lanoke county read hilliary clinton since the republican party has been demonizing hillary clinton for being crooked and a liar and a literal demon for years on end its hard to imagine this being an honest typo its just another subliminal way that the rightwing is trying to tip the scales in favor of their candidate who we need not remind you is actually an a pathological liar a serial sexual predator a thief and a racist watch nbcs report here,fake
conservative radio host michael savage shut down midshow during discussion of hillarys health michael savage is a very well known radio talk personality the savage nation is a nationally syndicated talk show that is the second most listenedto radio talk show in the country with an audience of over 20 million listeners on 400 stations across the united statesearlier today he was discussing his perspectives on the presidential debate and giving examples of current and anticipated debate biasin addition the broadcaster began discussing hillary clinton s mysterious health condition that savage believes might be parkinsonsalmost immediately and without any notification new york tristate area radio station wabcradio tv cut savage off the air and replaced him with the lesser rated curtis and cooby showshortly thereafter as michael savage discovered the issue and began discussing what was going on inaround the new york broadcast area all savage affiliates nationwide cut off the broadcast and replaced the live transmission with a recording of a previous show here s the show as it happened,fake
trump says he will negotiate with democrats on healthcare washington reuters us president donald trump said on wednesday he will return to the healthcare legislative effort early next year and negotiate with democrats on the issue a day after the failure of republicans latest attempt to get a healthcare plan through the senate the republican president refusing to admit defeat on one of his primary promises during the 2016 presidential campaign told reporters at the white house that republicans will tackle healthcare again in january or february i will negotiate with democrats but from the republican standpoint we have the votes trump said he added that he would probably sign an executive order next week to allow people to buy health insurance across state lines,real
video ted cruz protesters get all wet when restaurant owner has had enough disrupting people when they re trying to have dinner came to an end when ted cruz protesters got all wet can we do that to the black lives matter folksan arkansas restauranteur thought some ted cruz protesters were all wet then he made sure of itthe texas senator and republican presidential hopeful was enjoying a meal with republican arkansas gov asa hutchinson in little rock last week when the loud group of protesters arrived we wanted to make sure that cruz heard from us protester robert nunn told abc affiliate katvthey made sure a lot of people heard them including a guy who dumped a bucket of water right down on them katv breaking news weather and razorback sports i looked up and i saw it was clearly one of the employees he had a white jacket on and he had a bucket and i was like hmm what s going on with that nunn told reporters and before i knew what happened he had dumped it via bpr,fake
trumps son says happy to work with senate intelligence panel on russia washington reuters president donald trumps son donald trump jr said on monday he would be happy to share what he knows with the senate intelligence committee if it decides to look into a meeting he had with a russian lawyer during his fathers campaign happy to work with the committee to pass on what i know he said on twitter after a republican member of the committee said the panel should interview him,real
uk certain iran nuclear deal to be preserved us says remains committed london reuters there is absolutely no doubt that a deal between western powers and iran to curb its nuclear program will survive despite the us decision not to recertify the deal britain s foreign minister boris johnson said on monday johnson was giving a speech on foreign affairs in london us president donald trump broke ranks with other major powers earlier this month by refusing to formally certify that tehran is complying with the deal known as the joint comprehensive plan of action jcpoa even though international inspectors say it is the us congress now has 60 days since trump s action to decide whether to reimpose economic sanctions on tehran that were lifted under the pact us disarmament ambassador robert wood said on monday washington would continue to meet its commitments under the jcpoa and will hold iran strictly accountable for each and every one of its commitments as well wood was speaking at a united nations meeting in new york,real
ww3 alert nato vs russia everyone else loses world war 3 start on 7112016 november 9 2016 at 135 pm i agree with some of what you say but the shit about hitting russia hard ukraine wouldnt get within ten feet of russia they would be wiped out in a day and so would the usa and nato if the come within 100 miles of russia borders they need to drag russia out thats why they wont fuck with crimea that comes under russian territory and within russia umbrella of border area denial defence network sure they can keep prodding but in july last year ukrainian dumb cunts got too close a two minute salvo from russian artillery wiped out two battalions of vodka guzzling goat fucking neo nazis 2 fucking minutes,fake
catalan leader puigdemont to speak in catalan parliament on tuesday madrid reuters catalan leader carles puigdemont will speak in the regional parliament next tuesday a parliamentary spokeswoman said on friday catalan parliamentary leaders will meet at 1330 gmt on friday to decide the timing on this speech it was unclear whether the meeting of the parliament scheduled for monday to discuss the result of the banned referendum on splitting from spain and a potential declaration of independence would still go ahead another regional government official raul romeva told bbc radio earlier that catalonia s parliament would defy a spanish court ban and go ahead on monday with a debate that could lead to a declaration of independence from spain,real
great answer trumps response to question from bbc reporter this was your choice of a question there goes that relationship this was your choice of a question there goes that relationship potus reacts to laura kuenssberg s question httpstcov9jjpyt2tn sky news skynews january 27 2017,fake
outgoing czech government to submit resignation on nov 29 prague reuters the outgoing czech government will submit its resignation when it next meets on nov 29 prime minister bohuslav sobotka said on twitter on friday making way for a new administration following an october parliamentary election czech president milos zeman plans to appoint andrej babis as prime minister in early december babis s ano party won last month s election by a large margin but fell short of a majority it has yet to find any coalition partners and is still seeking votes to support a minority cabinet,real
liberal huffington post freaking out after project 98 win for clinton its getting scary as late as monday evening the huffington post was 98 certain that hillary clinton would win the presidency turns out they may have been off by a lot with florida leaning towards trump and 92 of the votes already counted what was a sure thing suddenly isnt michigan remains in play and the mainstream media reports that the clinton campaign still thinks they have a good chance at taking the state pennsylvania though only a small percentage of votes have been counted is already being projected for hillary as we noted earlier today trump needs to win two states out of florida pennsylvania and michigan to take the electoral map the huffington post is freaking out headlining their page with this is getting scary as matt drudge noted earlier at his web site the election will come down to the late evening voters many of whom were unable to cast votes until they got out of work live election coverage with alex jones live election coverage with nbc,fake
leftist legal expert dershowitz calls out 9th circuit for playing politics not a solid decision video harvard law professor emeritus alan dershowitz was on msnbc to make a statement on the 9th circuit opinion he stated that the 9th circuit court of appeals ruling against president trump s immigration order is not a solid decision and looks like it s based more on policy than on constitutionality look this is not a solid decision this is a decision that looks like it s based more on policy than on constitutionality there are many many flaws he added i think this court opinion will not ultimately be sustained by the supreme court take for example the argument that it s an establishment of religion because it favors christians or other religious minorities in 1944 we passed the war refugee act which specifically was designed to rescue a hundred thousand jews and everybody knew the purpose was to rescue jews that didn t establish judaism as the state religion of the united states i think the establishment argument will fail in the supreme court i think the standing arguments may fail in the supreme court,fake
britains johnson we will stress importance of free trade and nato to trump london reuters foreign minister boris johnson said on tuesday britain must underline the importance of free trade and the nato military alliance to us presidentelect donald trump as the government looks to build a relationship with his administration it is of course vital that we get over the message that nato and article 5 of nato has been the guarantor of peace and stability in our continent for the last 70 years johnson said that is a point i think that is well understood in washington but which we will repeat he also said it was vital to get over the importance of trade free enterprise and of sticking up for the values that i believe unite our two countries,real
wow legal hispanic american immigrant unloads on racist hillary supporters liberals are desperate because they know theyre gonna lose video,fake
doj and fbi are super pissed off at troubling pattern of lawless obama covering for hillary on friday white press secretary josh earnest told reporters some officials at the fbi have said hillary clinton is not a target of the current investigationthese latest comments by the obama white house reportedly have fbi and justice department officials super pissed off catherine herridge reportedthat statement by josh earnest has got the back up of our contacts at the fbi and justice department for two reasons they are super pissed off to use a technical term number one josh earnest has absolutely no clearance or visibility in the fbi investigation number two they say it really seems part of a troubling pattern from the white house because the president earlier said he did not see any national security implications to the clinton emails and then we found out he had never been briefedhere s the cliphttpsyoutubekcnn0cbeg,fake
turkey issues detention warrants for 115 people in postcoup probe anadolu ankara reuters turkish authorities issued detention warrants for 115 people across 15 provinces over alleged links to last year s failed coup attempt the staterun anadolu news agency said on friday the operations were aimed at breaking up the financial structuring of the network of usbased fethullah gulen anadolu said ankara blames gulen for orchestrating the july 15 coup attempt last year and has repeatedly demanded the united states extradite him so far in vain gulen denies involvement in the aftermath of the coup more than 50000 people have been jailed pending trial and some 150000 have been sacked or suspended from their jobs in the military public and private sector the extent of the purges has unnerved rights groups and turkey s western allies who fear president tayyip erdogan is using the abortive putsch as a pretext to stifle dissent the government however says the measures are necessary due to the gravity of the threats it is facing following the military coup attempt in which 240 people were killed,real
november 8 is finally here an abridged election day resource guide by common dreams after a national election season that many called interminable and where the trending phrase to describe the contest between hillary clinton and donald trump became,fake
watch hilarious video proves cnn doesnt even bother to verify identity of expert guestsinterviews fake police chief watch these hilarious examples of cnn having reckless disregard for facts when they interview a fake police chief a fake mayor of a major city and a fake eye witness to a breaking story media analyst mark dice has the storycaptain janks a 50 year old truck driver from philadelphia has been able to get live on the air countless times on cnn posing as different people through his prank calls he s attempting to demonstrate how most major news outlets are not really news but instead they are simply entertainment jank s is a big fan of the howard stern show so we will warn you now that there will be some rough language in these clipswatch,fake
watch conservative social media giant announces im done after facebook banned him for video he posted 18 months ago youtube takes away earnings for criticizing islam hilarious and spoton conservative socialmedia giant paul joseph watson announced on twitter that he was done after waking up to discover that facebook banned him for a parody video that made fun of feminism that he posted over 18 months ago watson had had enoughyoutube has been banning protrump videos watson mentioned the dynamic protrump duo diamond and silk and how they re talking about filing a classaction suit against youtube for demonetizing their videos because all of their advertisers may not agree with their protrump views watson claims youtube has demonetized every single video he s made that criticized islamwatson says he needs to seriously think about whether it s worth investing hundreds and hundreds of hours my time every year into something that could completely disappear when i wake up tomorrow morning i ll probably ride it until the wheels fall off but this is it for now we defeated hillary we hit a million subscribers we had a good run better to burn out than to fade away watch,fake
wheres hillary clinton spotted dining alone,fake
re michael cohen is looking to identify the homeless woman assaulted while defending trumps hollywood star michael cohen michaelcohen212 october 29 2016 special counsel to donald trump michael cohen is attempting to identify and help a homeless woman spotted defending donald trumps new star on the hollywood walkoffame diamondandsilk realdonaldtrump someone please help me locate this woman as mr trump has a gift for her michael cohen michaelcohen212 october 28 2016 a homeless american protects realdonaldtrump hollywood star 20 million illegals americans sleep on the streets in tents votetrump pictwittercomvitpvvk3l4 diamond and silk diamondandsilk october 28 2016 theres also video of the woman being attacked by a mob allegedly over her protrump stance black homeless woman assaulted for protecting trumps hollywood star httpstcoglhvqpbuju,fake
field commander in usbacked sdf expects raqqa fight to end monday beirut reuters a field commander for the usbacked syrian democratic forces sdf in raqqa said the alliance was carrying out clearing operations against islamic state and expected to control the city by the end of monday ilham ahmed a senior kurdish leader who cochairs the sdf s political wing said she expected the end of the raqqa offensive to be announced within hours or days but a usled coalition spokesman said he could not put a timeline on it this version of the story clarifies title of leader affiliated with sdf,real
republican senate leader to hold healthcare vote within hours washington reuters us senate republican leader mitch mcconnell said on tuesday he will schedule a vote on whether to open debate on a healthcare overhaul in a couple of hours todays vote to begin debate is the first step and we should take it mcconnell said on the senate floor any senator who votes against starting debate is telling america that youre just fine with the obamcare nightmare,real
obamacare group slashes staff killing obama administration rules dismantling obamacare and pushing through tax reform are on the early todo list,real
corporate amt likely will not be in final us tax bill hatch washington reuters the chairman of the us senate finance committee said on wednesday a final tax bill republicans hope to get to president donald trump by christmas likely will not retain a corporate alternative minimum tax right now it doesnt look like it but you never know republican senator orrin hatch told reporters when asked if the corporate amt would survive in the final bill republicans in the house of representatives want to get rid of the amt which is designed to limit the ability of corporations to reduce their payments through tax breaks and credits,real
biden to electoral vote objection it is over breitbart vp biden it is over electoralcollege pic twitter during a joint session of congress to certify the electoral college results on friday vice president joe biden gaveled down an objection to georgias electoral college results before ending the exchange over the objection with it is over after an objection was raised to the certification of the electoral college results from georgia by representative pramila jayapal biden gaveled her down saying that any objection must be in writing and signed by both a member of the house and a member of the senate biden asked jayapal if her objection met those requirements to which jayapal responded mr president even as people waited hours in georgia and biden then gaveled her down again to state that the objection needed signatures from a member of the house and a member of the senate after jayapal said in response that the objection had been signed by a member of the house but not a member of the senate biden stated well it is over follow ian hanchett on twitter ianhanchett,real
truck bomb in northern iraq kills at least 23 kirkuk iraq reuters at least 23 people were killed and 60 wounded when a suicide bomber set off a truck bomb near a crowded marketplace in the northern iraqi town of tuz khurmatu police and medical sources said on tuesday an interior ministry spokesman said a violent explosion took place near a vegetable market in the town south of kirkuk but did not immediately provide casualty figures military authorities said 17 were killed and 36 injured according to a statement most of the casualties were civilians the police and medical sources told reuters the death toll was expected to rise because many of the wounded were in critical condition the bombing took place in a mainly shi ite turkmen area no group has claimed responsibility for the attack suicide bombings are a trademark of islamic state and iraqi security officials have said the group was likely to wage an insurgency after its selfproclaimed caliphate collapsed and its militants were dislodged from territories they held in the country,real
factbox trump on twitter aug 31 texas the following statements were posted to the verified twitter accounts of us president donald trump realdonaldtrump and potus the opinions expressed are his own reuters has not edited the statements or confirmed their accuracy realdonaldtrump thank you to all of the incredible heroes in texas america is with you texasstrong 1606 edt source link bitly2jbh4lu bitly2jpexyr,real
un chief urges communication with north korea to avoid escalation united nations reuters united nations secretarygeneral antonio guterres told the security council on friday it was time to immediately reestablish and strengthen communication channels with north korea including interkorean and military to military channels to reduce the risk of a misunderstanding escalating into conflict while all concerned seek to avoid an accidental escalation leading to conflict the risk is being multiplied by misplaced overconfidence dangerous narratives and rhetoric and the lack of communication channels guterres told the un security council,real
reporter shocks hillary by showing up watch the change from unsteady to alert video clinton just left apple seeds kids center in flatiron feeling good about debate getting ready getting ready clinton just left apple seeds kids center in flatiron feeling good about debate getting ready getting ready pictwittercommxxbbmivcu liz kreutz abcliz september 25 2016,fake
berkeley college thugs form human chain to stop white students from attending class video students at the university of california berkeley held a day of protest on friday to demand the creation of additional safe spaces for transgender and nonwhite students during which a human chain was formed on a main campus artery to prevent white students from getting to classthe demonstrators were caught on video blocking berkeley s sather gate holding large banners advocating the creation of physical spaces segregated by race and gender identity including one that read fight 4 spaces of color protesters can be heard shouting go around to white students who attempt to go through the blockade while students of color are greeted with calls of let him through students turned away by the mob are later shown filing through trees and ducking under branches in order to cross strawberry creek which runs underneath the bridge washington timesi m pretty sure this is illegal but then again we are living in lawless times hey i ve got a great idea let s elect hillary so we can just have complete anarchy in our streets and on our college campuses who needs rights anyhow,fake
attorney general sessions says now recalls meeting flagged in russia probe washington reuters us attorney general jeff sessions said tuesday he now recalls a meeting in march 2016 that has come under scrutiny as part of special counsel robert muellers investigation into whether president donald trumps election campaign colluded with russia in testimony before the us house judiciary committee sessions acknowledged he attended a meeting with george papadopoulos a former campaign adviser who pleaded guilty last month to lying to the fbi according to court documents papadopoulos told the meeting he could help use his russian connections to broker a meeting between thencandidate trump and russian president vladimir putin sessions had previously testified to congress he was unaware of communications between the campaign and russian officials,real
uk police making urgent inquiries to find who was behind metro incident london reuters london police said on friday they were making urgent inquiries to track down who was responsible for an explosion at a metro station which officers are treating as a terrorist incident counter terrorism detectives are making fasttime inquiries to establish who was responsible for the incident at parsons green tube station london s metropolitan police tweeted on friday,real
whats wrong with this picture 5 antitrump activists on magazine cover just made us detest them even more,fake
russias lavrov us tillerson to discuss north korea in vienna ria moscow reuters russian foreign minister sergei lavrov is expected to discuss the north korean crisis with us secretary of state rex tillerson during the meeting in vienna this week ria news agency quoted deputy foreign minister sergei ryabkov as saying,real
i feel like these topshop models are sick of me apologising but also maybe willing to hear me out next swipe leftright i feel like these topshop models are sick of me apologising but also maybe willing to hear me out brycoo over on twitter writes i feel like these topshop models are sick of me apologising but also maybe willing to hear me out,fake
obama warren absolutely wrong on trade deal elizabeth warren announced a bill creating a financial product safety commission with house and senate democrats in march 2009 the body was designed to have oversight over mortgages and other financial instruments to protect consumers against predatory practices she said if the agency had existed before the subprime collapse then there would have been millions of families who got tangled in predatory mortgages who never would have gotten them huffposts ryan grim reported without all these toxic assets on banks balance sheets the institutions wouldnt be on the brink of collapse and the recession would be more manageable consumer financial products were the front end of the destabilization of the american economic system sen charles schumers cosponsorship of the bill is notable because of his proximity to wall street the bills merit the new york democrat said is that it regulates the actual financial product rather than the company producing it,real
